ID,Título,Autores,Ano,Tipo_Tarefa,Modalidade,Dataset_Tamanho,Dataset_Composição,Arquitetura,Modelo_Específico,Pesos_Pretrain,Técnicas_Preprocessing,Técnicas_Augmentation,Otimizador,Loss_Function,Validação,Detecção_Acurácia,Detecção_PPV,Detecção_NPV,Detecção_AUC,Detecção_Recall,Detecção_F1Score,Classificação_Acurácia,Classificação_PPV,Classificação_NPV,Classificação_AUC,Classificação_Recall,Classificação_F1Score,Observações_Importantes,Limitações,Pontos_Fortes,Comparação_Com_Meu_TCC,,Resumo_Metodológico
TR001,Auxiliary diagnosis of primary bone tumors based on Machine learning model,Deng et al.,2024,Detecção (Normal vs Tumor) + Classificação (Benigno vs Maligno),Raio-X,130 imagens totais,"75 normais, 25 benignas, 50 malignas. Região: joelho (fêmur distal, tíbia proximal, fíbula proximal)",CNN,ResNet34,Não especificado (provavelmente ImageNet),Conversão DICOM→JPEG + Conversão para escala de cinza,Não especificado,"Não especificado explicitamente (padrão ResNet34, provavelmente SGD ou Adam)",Cross-Entropy (implícito),K-Fold Cross-Validation (5-fold para Detecção; combinatorial C(5,2)=10 para Classificação),99.8 ± 0.3%,100.0 ± 0.0%,99.6 ± 0.8%,0.998 ± 0.004,N/A,N/A,71.2 ± 1.6%,91.9 ± 8.5%,21.5 ± 15.4%,0.62 ± 0.06,N/A,N/A,"DUAS TAREFAS SEQUENCIAIS: (1) DETECÇÃO (Normal vs Tumor): desempenho EXCELENTE (99.8% acc, AUC=0.998); (2) CLASSIFICAÇÃO (Benigno vs Maligno): desempenho MODERADO/BAIXO (71.2% acc, AUC=0.62). Alto PPV (91.9%) mas baixo NPV (21.5%) na classificação indica que modelo é conservador (evita falsos negativos mas gera muitos falsos positivos). K-fold com 5 grupos (52 normais + 52 tumor por fold). Para B vs M: 10 combinações usando 3 folds treino + 2 folds teste.","Dataset MUITO PEQUENO (130 imagens totais, apenas 25 benignas e 50 malignas). Não menciona data augmentation. Baixo desempenho em Classificação B vs M (AUC=0.62, acurácia 71%). Dataset privado (hospital próprio). Desbalanceamento não tratado explicitamente. Não reporta Recall, F1 ou outras métricas importantes. Região anatômica limitada (apenas joelho).",Aborda EXATAMENTE o problema do TCC (classificação B vs M). Usa imagens de Raio-X (modalidade acessível). Validação robusta com K-fold. Reconhece explicitamente a dificuldade da tarefa B vs M. Dataset focado em região específica permitindo análise controlada.,"['MEU TCC tem DESEMPENHO MUITO SUPERIOR na Classificação B vs M: Meu melhor modelo (M12-EfficientNetV2-L Fase 3) alcançou 93.95% acc e AUC=0.9749 vs 71.2% acc e AUC=0.62 deles (+22.75% acc, +0.35 AUC). DIFERENÇAS PRINCIPAIS: (1) Dataset 8x maior (~600+ vs 75 imagens B+M); (2) Técnicas avançadas não usadas por eles: CLAHE, WeightedSampler, offline augmentation 10x, Label Smoothing, DropPath, CosineWarmRestart; (3) Arquiteturas modernas (EfficientNetV2-L, Swin, MaxViT vs ResNet34 de 2015); (4) Transfer learning especializado (RadImageNet + ImageNet-22k vs ImageNet padrão); (5) Dataset público BTXRD (reprodutível) vs privado deles.']","Pipeline sequencial em duas etapas usando ResNet34: (1) DETECÇÃO - separa imagens normais de imagens com tumor (Normal vs Tumor) com 5-fold CV alcançando 99.8% acc e AUC=0.998; (2) CLASSIFICAÇÃO - separa tumores benignos de malignos (Benign vs Malignant) usando validação combinatorial C(5,2)=10 alcançando 71.2% acc e AUC=0.62. Preprocessing: conversão DICOM→JPEG e grayscale. Sem data augmentation. Transfer learning ImageNet padrão."
TR002,Deep learning-based classification of primary bone tumors on radiographs: A preliminary study,He et al.,2020,"Classificação (3 tarefas): (1) Benign vs Not-Benign (B=1, I+M=0); (2) Malignant vs Not-Malignant (M=1, B+I=0); (3) 3-way (B=0, I=1, M=2)",Raio-X,"1356 pacientes, 2899 imagens (multi-institucional: 5 hospitais)","679 benignas (1523 imgs), 317 intermediárias (635 imgs), 360 malignas (741 imgs). REQUER CROPPING MANUAL por radiologista.",CNN,EfficientNet-B0,"ImageNet (pretrained, fine-tuned)","DICOM→JPEG, Manual ROI cropping (radiologista), Padding, Resize 512x512, Single→3-channel, Normalização ImageNet (mean=[0.485,0.456,0.406], std=[0.229,0.224,0.225])","HFlip, Affine transforms, Contrast adjustments",RAdam,Categorical Cross-Entropy,5-Fold Cross-Validation (paciente-level) + External Test (institutions 4 e 5: 291 pacientes),N/A,N/A,N/A,N/A,N/A,N/A,"3-way CV: 72.1% | 3-way ExtTest: 73.4% | Benign vs Not-Benign CV: 82.7% sens, 81.8% spec | Malignant vs Not-Malignant CV: 77.7% sens, 89.6% spec","Benign vs Not-Benign: CV AUC=0.894, ExtTest AUC=0.877 | Malignant vs Not-Malignant: CV AUC=0.907, ExtTest AUC=0.916",N/A,N/A,N/A,"TRÊS TAREFAS DE CLASSIFICAÇÃO DISTINTAS (NÃO é redundante! Avalia capacidade discriminatória em diferentes cenários): (1) Benign vs Rest (detectar benignidade), (2) Malignant vs Rest (detectar malignidade), (3) 3-way full classification. MULTI-INSTITUCIONAL (5 hospitais). COMPARAÇÃO COM RADIOLOGISTAS: Modelo similar a 2 subspecialistas (Cohen's kappa: modelo=0.548, rater1=0.605, rater2=0.565) e MELHOR que 3 júnior. IMPORTANTE: Requer CROPPING MANUAL da ROI por radiologista (não é end-to-end). Dataset desbalanceado: 50.1% benign, 23.4% intermediate, 26.5% malignant. Ensemble de 3 modelos. Predições averaged across all views. Batch=96, Dropout=0.2, LR=3e-4, 20 epochs, Cosine annealing LR schedule. POR QUE 3 TAREFAS? Permite ajustar thresholds para diferentes cenários clínicos (ex: priorizar sensibilidade para malignos, ou especificidade para benignos).","LIMITAÇÃO CRÍTICA: Requer CROPPING MANUAL por radiologista (não é automático/end-to-end como meu TCC). Dataset privado (5 instituições não disponíveis). Desbalanceamento (50% benign vs 23% intermediate vs 27% malignant) não tratado com técnicas como WeightedSampler. Não usa CLAHE ou técnicas avançadas de pré-processamento. Apenas data augmentation básica (HFlip, Affine, Contrast). Performance 3-way moderada (72-73% accuracy). Modelo tende a predizer mais benignos (50.9%) vs subspecialistas (43%). Confusão entre intermediate e benign.","Dataset GRANDE (1356 pacientes, 2899 imagens) e MULTI-INSTITUCIONAL (5 centros). Validação externa robusta. Comparação direta com radiologistas (2 subspecialistas + 3 júnior). Análise de casos de erro (model-subspecialist disagreement). Ensemble de modelos. Análise estratificada por idade. EfficientNet-B0 (arquitetura moderna para 2020). Demonstra generalizabilidade cross-institutional. Avalia múltiplos cenários clínicos (3 tarefas).","COMPARAÇÃO: Meu TCC foca APENAS em Binary (B vs M), enquanto eles avaliam 3 cenários. VANTAGENS DO MEU TCC: (1) TOTALMENTE AUTOMÁTICO (end-to-end com YOLO vs cropping manual); (2) Dataset PÚBLICO (BTXRD vs privado); (3) Técnicas avançadas: CLAHE, WeightedSampler, offline aug 10x, Label Smoothing, DropPath, Gradient Accumulation; (4) Transfer learning médico (RadImageNet); (5) Arquitetura mais moderna (EfficientNetV2-L vs EfficientNet-B0); (6) MELHOR performance B vs M: 93.95% acc vs ~72-73% deles (mas eles têm classe intermediate que complica). DESVANTAGENS: (1) Meu dataset menor (1867 com tumor vs 2899 deles); (2) Single-source (BTXRD) vs multi-institutional; (3) Sem comparação com radiologistas; (4) Não avalio classe Intermediate.",,,"Classificação multi-tarefa com EfficientNet-B0 fine-tuned: avalia TRÊS tarefas distintas (Benign vs Not-Benign, Malignant vs Not-Malignant, 3-way full) usando ensemble de 3 modelos. REQUISITO CRÍTICO: cropping manual da ROI por radiologista antes do treinamento. Preprocessing: DICOM→JPEG, manual ROI crop, padding, resize 512x512, normalização ImageNet. Augmentation: HFlip, Affine, Contrast. Validação: 5-fold CV paciente-level + external test (institutions 4-5). RAdam optimizer, Categorical Cross-Entropy loss, 20 epochs, LR=3e-4, batch=96, Cosine annealing."
TR003,"A radiograph dataset for the classification, localization, and segmentation of primary bone tumors (BTXRD)",Yao et al.,2025,DATA DESCRIPTOR + Validação Técnica: Localização (YOLOv8s) + Segmentação (YOLOv8s-seg) + Classificação 3-way (YOLOv8s-cls: Normal vs Benign vs Malignant),Raio-X,3746 imagens totais (multi-center: 3 fontes),"1879 Normal, 1867 Tumor (1525 Benign, 342 Malignant). Fontes: 2 hospitais chineses (1870 imgs) + Radiopaedia.org (1353 imgs) + MedPix (523 imgs). 23 subtipos de tumor. Anotações: bounding boxes + máscaras de segmentação + metadata clínica (idade, sexo, localização anatômica, diagnóstico histológico).",CNN-YOLO,YOLOv8s (3 variantes: detection / segmentation / classification),COCO (YOLOv8s pretrained),"DICOM→PNG (16-bit para 8-bit com janelamento adaptativo), Resize 640x640, Normalização [0,1], Padding para aspect ratio","HFlip, VFlip, Rotation 90°, Mosaic, Mixup (durante treinamento YOLOv8)",SGD (momentum=0.937),CIoU Loss (localização) + BCE Loss (classificação) + DFL (segmentação),"80% train (2996 imgs), 10% val (375 imgs), 10% test (375 imgs) - Split estratificado por classe",mAP@0.5 = 0.707 (localização),Precision = 0.715 (localização),N/A,N/A,Recall = 0.665 (localização),N/A,"90.4% (Normal), 89.9% (Benign), 96.5% (Malignant) | Overall accuracy não reportada explicitamente",N/A,N/A,N/A,N/A,N/A,"TRABALHO ESPECIAL: Este é o DATA DESCRIPTOR do dataset BTXRD (mesmo dataset usado no MEU TCC!). NÃO é um trabalho de método de classificação, mas sim uma PUBLICAÇÃO DE DATASET com validação técnica baseline usando YOLOv8. MULTI-CENTER (3 fontes): 2 hospitais chineses + Radiopaedia + MedPix. ANOTAÇÕES COMPLETAS: bounding boxes + máscaras de segmentação (pixel-level) + metadata clínica rica (idade, sexo, localização anatômica, diagnóstico histológico confirmado). 23 SUBTIPOS de tumor anotados. TRÊS TAREFAS DE VALIDAÇÃO TÉCNICA: (1) Localização (YOLOv8s: mAP@0.5=0.707), (2) Segmentação (YOLOv8s-seg: mAP@0.5=0.691), (3) Classificação 3-way (YOLOv8s-cls: Normal=90.4%, Benign=89.9%, Malignant=96.5%). DESBALANCEAMENTO: 50.2% Normal, 40.7% Benign, 9.1% Malignant. Epochs: 300 (detection/segmentation), 100 (classification). Batch: 16. LR: 0.01 inicial com cosine decay. Augmentation: HFlip, VFlip, Rotation 90°, Mosaic, Mixup.","NÃO É UM TRABALHO DE MÉTODO (é dataset descriptor). Validação técnica usa apenas YOLOv8 básico (sem técnicas avançadas). Não testa transfer learning médico (RadImageNet). Não usa CLAHE, WeightedSampler, Label Smoothing, DropPath. Não compara múltiplas arquiteturas (CNN, ViT, Hybrid). Objetivo é VALIDAR O DATASET, não maximizar performance. Desbalanceamento severo: apenas 9.1% malignant (342/3746). Classificação 3-way com YOLOv8s-cls é menos robusto que classificadores dedicados (EfficientNet, ViT). Não reporta AUC, F1-Score, métricas clínicas importantes. Dataset chinês com possível viés geográfico/demográfico.","DATASET PÚBLICO de alta qualidade para bone tumor (raro!). MULTI-CENTER (reduz viés de single-institution). ANOTAÇÕES COMPLETAS (boxes + máscaras + metadata clínica). 23 SUBTIPOS anotados (permite pesquisa fine-grained). Tamanho RAZOÁVEL (3746 imgs). Diagnósticos histologicamente confirmados (gold standard). Disponível para pesquisa acadêmica. Diversidade de fontes (hospitais + bases públicas Radiopaedia/MedPix). Validação técnica robusta em 3 tarefas (localização, segmentação, classificação). Análise de desempenho por subtipo de tumor. Demonstra viabilidade do dataset para deep learning.","CONTEXTO CRUCIAL: Este é O DATASET que EU USO no meu TCC! COMPARAÇÃO METODOLÓGICA: (1) BASELINE DELES (YOLOv8s-cls 3-way): Normal=90.4%, Benign=89.9%, Malignant=96.5% vs MEU MELHOR (EfficientNetV2-L Binary B vs M): 93.95% acc, AUC=0.9749. NÃO É COMPARAÇÃO JUSTA: eles fazem 3-way, eu faço binary; eles usam YOLOv8s-cls (primariamente detector), eu uso classificadores dedicados. VANTAGENS DO MEU TCC SOBRE O BASELINE: (1) Arquiteturas STATE-OF-THE-ART (EfficientNetV2-L, Swin-L, MaxViT vs YOLOv8s-cls); (2) Transfer learning médico especializado (RadImageNet + ImageNet-22k vs COCO); (3) Técnicas avançadas: CLAHE, WeightedSampler, offline aug 10x, Label Smoothing, DropPath, Gradient Accumulation, CosineWarmRestart; (4) Foco em Binary B vs M (clinicamente mais relevante que 3-way); (5) Métricas clínicas completas (AUC, F1, Precision, Recall vs apenas accuracy por classe). O MEU TCC DEMONSTRA O POTENCIAL MÁXIMO DO BTXRD DATASET, enquanto o paper original apenas VALIDA TECNICAMENTE o dataset com baseline YOLOv8.",,"Data descriptor BTXRD com validação técnica baseline usando YOLOv8s em TRÊS variantes: (1) YOLOv8s detection (localização com bounding boxes: mAP@0.5=0.707); (2) YOLOv8s-seg (segmentação pixel-level: mAP@0.5=0.691); (3) YOLOv8s-cls (classificação 3-way Normal/Benign/Malignant: 90.4%/89.9%/96.5%). Preprocessing: DICOM→PNG com janelamento adaptativo 16-bit→8-bit, resize 640x640, normalização [0,1], padding. Augmentation: HFlip, VFlip, Rotation 90°, Mosaic, Mixup. Transfer learning: COCO pretrained. Split: 80% train, 10% val, 10% test estratificado. 300 epochs (detection/seg), 100 epochs (classification)."
TR004,A Deep Evaluation of Digital Image based Bone Cancer Prediction using Modified Machine Learning Strategy,Bapu et al.,2023,Classificação Binária (Normal vs Cancer/Malignant),Raio-X (menciona também MRI/CT mas foca em X-ray),"NÃO ESPECIFICADO (menciona 'real clinical trials' mas não informa tamanho, composição ou fonte)","NÃO ESPECIFICADO. Apenas menciona que dataset contém imagens normais e com câncer, sem detalhamento quantitativo.",k-NN (Tradicional ML),ELBCP (Elevated Learning based Bone Cancer Prediction) - k-NN modificado baseado em nearest neighbor com mutual information statistics,Nenhum (não usa pretrained weights),"Median filter 3×3 (noise removal), Gray-scale conversion (estrutura de análise mencionada), Image sharpening",Não especificado (não menciona data augmentation),Não aplicável (k-NN não usa otimizador),"Não especificado (k-NN usa distance-based similarity, não loss function tradicional)",Não especificado claramente. Parece usar simple train/test split sem k-fold ou validação cruzada robusta. Testing count varia de 5 a 25 imagens.,N/A,N/A,N/A,N/A,N/A,N/A,96.59% (testing count=25) vs SVM baseline 85.09%,N/A,N/A,N/A,N/A,N/A,"TRABALHO DE BAIXA QUALIDADE METODOLÓGICA: Paper de conferência (ICSSS 2023, NÃO journal peer-reviewed). Propõe ELBCP (k-NN modificado com mutual information statistics) para classificação binária Normal vs Cancer. PRINCIPAL PROBLEMA: Dataset COMPLETAMENTE NÃO ESPECIFICADO (tamanho, composição, fonte desconhecidos). Usa k-NN TRADICIONAL (NÃO é deep learning apesar do título enganoso 'Deep Evaluation'). Feature extraction básica: contrast, correlation, energy, homogeneity (GLCM texture features). Comparação APENAS com SVM (baseline muito fraco, nenhuma CNN moderna). Validação FRACA: testing count de 5-25 imagens apenas, sem k-fold. Reporta APENAS accuracy (sem AUC, F1, Precision, Recall, Confusion Matrix). Implementação em MATLAB. TÍTULO ENGANOSO: 'Deep Evaluation' sugere deep learning mas usa k-NN clássico. MÉTODO ANTIQUADO: k-NN de 1950s vs state-of-the-art CNNs/ViTs. Preprocessing mínimo: median filter 3×3, sharpening. SEM data augmentation. SEM transfer learning.","LIMITAÇÕES CRÍTICAS INACEITÁVEIS: (1) Dataset NÃO ESPECIFICADO (tamanho, composição, fonte desconhecidos - IRREPRODUCÍVEL); (2) Método ANTIQUADO (k-NN vs deep learning moderno); (3) Título ENGANOSO ('Deep Evaluation' mas NÃO usa deep learning); (4) Validação MUITO FRACA (5-25 test images, sem k-fold, sem external validation); (5) Métricas INSUFICIENTES (só accuracy, falta AUC, F1, Precision, Recall); (6) Baseline FRACO (só SVM, sem comparação com CNNs); (7) Dataset PRIVADO e não disponível; (8) Paper de CONFERÊNCIA (não journal, menor rigor peer-review); (9) Preprocessing BÁSICO (median filter apenas); (10) SEM data augmentation; (11) SEM transfer learning; (12) Feature extraction MANUAL (GLCM texture features vs learned features); (13) Não compara com estado-da-arte; (14) Resultados NÃO REPRODUZÍVEIS. TRABALHO DE QUALIDADE QUESTIONÁVEL.",Poucos pontos fortes identificáveis: (1) Propõe uso de mutual information statistics (não comum em bone cancer); (2) Comparação visual ELBCP vs SVM (Figs 5-7); (3) Aborda problema relevante (bone cancer classification); (4) Implementação em MATLAB (acessível). PONTOS FORTES SÃO MUITO LIMITADOS devido às graves limitações metodológicas.,"COMPARAÇÃO DESFAVORÁVEL: Meu TCC é VASTAMENTE SUPERIOR em TODOS os aspectos: (1) DATASET PÚBLICO E BEM DOCUMENTADO (BTXRD 3746 imgs vs 'não especificado' deles); (2) DEEP LEARNING REAL (EfficientNetV2-L, Swin-L, MaxViT vs k-NN antiquado deles); (3) PERFORMANCE MUITO MELHOR (93.95% acc, AUC=0.9749 vs 96.59% acc SEM AUC deles - MAS accuracy sozinha não significa nada sem AUC/F1); (4) VALIDAÇÃO ROBUSTA (k-fold, métricas completas vs 5-25 test images deles); (5) TÉCNICAS STATE-OF-THE-ART (CLAHE, WeightedSampler, offline aug 10x, Label Smoothing, DropPath vs median filter básico); (6) TRANSFER LEARNING MÉDICO (RadImageNet vs nenhum); (7) REPRODUZIBILIDADE TOTAL vs ZERO reproduzibilidade; (8) MÉTRICAS COMPLETAS (Acc, AUC, F1, Precision, Recall vs só Acc); (9) COMPARAÇÃO RIGOROSA (múltiplos modelos SOTA vs só SVM). MEU TCC representa AVANÇO REAL na área, enquanto TR004 é trabalho de baixa qualidade metodológica que NÃO contribui significativamente para o estado-da-arte.",,"Classificação binária (Normal vs Cancer) usando k-NN TRADICIONAL modificado (ELBCP: Elevated Learning based Bone Cancer Prediction) com mutual information statistics. NÃO é deep learning. Feature extraction MANUAL: GLCM texture features (contrast, correlation, energy, homogeneity). Preprocessing: median filter 3×3, grayscale, sharpening. SEM data augmentation. SEM transfer learning. Validação: simple train/test split com testing count 5-25 imagens. Baseline: SVM (85.09% acc). Resultado: 96.59% acc (testing count=25), SEM AUC/F1 reportados. Implementação MATLAB."
TR005,Applying CNNs for the Early Detection of Bone Malignant Tumors in X-ray Images,Punia et al.,2025,Detecção Binária (Normal vs Malignant Tumor),Raio-X,500 imagens,"250 Normal, 250 Malignant. Dataset privado de medical institutions não especificadas.",CNN,CNN genérica (não especifica arquitetura),Não especificado,"Resize 256x256, Normalização [0,1], Median filter",Random rotations + HFlip,Não especificado,Não especificado,Train/Val/Test split (proporções não especificadas),90%,N/A,N/A,N/A,>90%,N/A,N/A,N/A,N/A,N/A,N/A,N/A,"Paper AUTOCOM 2025. PROBLEMA: Arquitetura CNN NÃO ESPECIFICADA. Dataset pequeno (500) e PRIVADO. Descrição GENÉRICA sem hiperparâmetros. INCONSISTÊNCIA: Abstract diz <90%, Conclusão >90%. Apenas 90% acc sem AUC/F1. Trabalho SUPERFICIAL.",Dataset PEQUENO. Arquitetura NÃO ESPECIFICADA. Dataset PRIVADO. Hiperparâmetros NÃO REPORTADOS. Métricas LIMITADAS. INCONSISTÊNCIA métricas. Descrição VAGA. Sem CNN moderna. Sem transfer learning. Validação FRACA. NÃO REPRODUZÍVEL.,Paper recente (2025). Aborda detecção malignant tumors. Menciona data augmentation. 90% accuracy.,MEU TCC MUITO SUPERIOR: Arquiteturas ESPECIFICADAS (EfficientNetV2-L) vs genérica; Dataset MAIOR/PÚBLICO (3746) vs 500 privado; Hiperparâmetros COMPLETOS vs NENHUM; Métricas COMPLETAS vs só Acc; Técnicas AVANÇADAS vs genéricas; Transfer learning vs nenhum; REPRODUZÍVEL vs IRREPRODUCÍVEL.,,"Detecção binária (Normal vs Malignant) usando CNN genérica NÃO especificada. Preprocessing: resize 256x256, normalização [0,1], median filter. Augmentation: random rotations + HFlip. Validação: train/val/test split (proporções NÃO especificadas). Resultado: 90% accuracy, >90% recall. SEM AUC, SEM F1, SEM especificação de arquitetura CNN, SEM hiperparâmetros reportados, SEM transfer learning. Dataset privado 500 imagens (250 Normal, 250 Malignant). Trabalho SUPERFICIAL com descrição genérica."
TR006,Bone Tumor Detection using Faster R-CNN,Sharif et al.,2024,Detecção (Normal vs Tumor) + Localização com Bounding Boxes,Raio-X,3522 imagens,"2283 Tumor, 1239 Normal. Dataset privado Kaggle. Anotado com CVAT.",Two-Stage Detector,Faster R-CNN com CNN customizada + RPN,Transfer interno: CNN→RPN,Grayscale + Median/Gaussian filters + One-hot,Data augmentation + Early stopping,Adam (LR=0.0001),BCE (CNN) + Multi-task Loss (Faster R-CNN),Train/Val/Test split,96.28% mAP@0.5,N/A,N/A,N/A,N/A,N/A,97.43% (val) / 98.73% (test),N/A,N/A,N/A,N/A,N/A,"Two-stage: CNN (98.73% acc) + Faster R-CNN (96.28% mAP). Transfer learning CNN→RPN. RPN IoU: ≥0.7 pos, ≤0.3 neg. CVAT annotation. End-to-end automático.",Dataset PRIVADO. Data aug NÃO detalhada. CNN arquitetura NÃO especificada. Sem transfer médico. Sem CLAHE/WeightedSampler. Baseline antigo. Foco DETECÇÃO (não B vs M).,"Dataset razoável (3522). End-to-end automático. Two-stage CNN+RPN. Transfer interno. Alta performance (98.73% acc, 96.28% mAP). CVAT annotation. Early stopping.","TAREFAS DIFERENTES: eles DETECÇÃO (localizar tumor), eu CLASSIFICAÇÃO (B vs M). VANTAGENS MINHAS: Dataset PÚBLICO, tarefa mais difícil, arquiteturas SOTA, RadImageNet, técnicas avançadas, métricas completas. VANTAGENS DELES: Localização bounding boxes. INTEGRAÇÃO: detecção deles + classificação minha = pipeline completo.",,"Detecção two-stage usando Faster R-CNN: (1) CNN customizada (NÃO especificada) classifica Normal vs Tumor (98.73% test acc); (2) RPN (Region Proposal Network) detecta bounding boxes (96.28% mAP@0.5). Transfer learning INTERNO: pesos da CNN customizada transferidos para RPN. Preprocessing: grayscale, median/gaussian filters, one-hot encoding. Augmentation: data augmentation + early stopping (não detalhado). Anotação: CVAT tool. Optimizer: Adam (LR=0.0001). Loss: BCE (CNN) + Multi-task Loss (Faster R-CNN). RPN IoU threshold: ≥0.7 positivo, ≤0.3 negativo. Pipeline end-to-end automático."
TR007,Bone Tumor Detection using X-Ray Images,Kanchana et al.,2025,Detecção Binária (Tumor vs Normal),Raio-X,2001 imagens,"1000 Tumor, 1001 Normal. Dataset Figshare. 80% train, 20% test.","Hybrid: CNN + ML (XGBoost, SDG, ResNet-50)","4 modelos: CNN customizada, SDG, XGBoost, ResNet-50",Não especificado (provavelmente ImageNet para ResNet-50),"Grayscale + Gaussian filter + Resize (64x64 seg, variável class) + Normalização",Não especificado detalhadamente,Não especificado,Não especificado,80/20 train/test split,XGBoost: 94% | SDG: 88.3% | ResNet-50: 88% | CNN: 49.1%,XGBoost: 94.4% | SDG: 84% | ResNet-50: 89.2% | CNN: 49%,N/A,XGBoost: 0.72 | SDG: 0.64 | ResNet-50: 0.81 | CNN: 0.45,XGBoost: 93.5% | SDG: 94.5% | ResNet-50: 86.5% | CNN: 48%,N/A,N/A,N/A,N/A,N/A,N/A,N/A,"Paper ICICI 2025. COMPARAÇÃO HÍBRIDA: ML vs DL. XGBoost VENCEU (94% acc, AUC=0.72). CNN CATASTRÓFICA (49.1% acc, AUC=0.45 - pior que random\!). ResNet-50 e SDG ~88%. Segmentação CNN + Canny Edge Detection. GUI Tkinter para real-time. Dataset Figshare 2001 imgs balanceado. 15 epochs. Resize 64x64 (segmentação). PROBLEMA: CNN mal treinada indica issue metodológico.",CNN PERFORMANCE CATASTRÓFICA (49% - INACEITÁVEL). Dataset PEQUENO (2001). Resize MUITO BAIXO para seg (64x64 - perde informação). Hiperparâmetros NÃO especificados. Dataset PRIVADO. Foco DETECÇÃO (não B vs M). XGBoost>DL (indica problema treinamento). Sem transfer learning. Data aug NÃO detalhada. Sem CLAHE/técnicas avançadas. Paper CONFERÊNCIA. CNN architecture NÃO especificada.,Comparação HÍBRIDA ML vs DL interessante. XGBoost alta performance (94%). Segmentação + Edge Detection. GUI real-time (Tkinter). Dataset balanceado. ROC curves. Confusion matrices. 4 modelos testados. ResNet-50 decent (88%). SDG recall alto (94.5%).,TAREFA DIFERENTE: DETECÇÃO (Tumor vs Normal) vs MEU TCC (CLASSIFICAÇÃO B vs M). VANTAGENS MINHAS: (1) Tarefa MAIS DIFÍCIL (B vs M clinicamente crítico); (2) Dataset PÚBLICO BTXRD; (3) CNN FUNCIONA (93.95% vs 49% deles\!); (4) Técnicas avançadas; (5) Transfer learning médico; (6) Arquiteturas SOTA funcionais; (7) Métricas completas. OBSERVAÇÃO: XGBoost deles (94% Tumor vs Normal) comparável ao meu EfficientNetV2-L (93.95% B vs M) MAS tarefas INCOMPARÁVEIS. CNN deles FALHOU completamente (issue metodológico grave).,,"Detecção binária (Tumor vs Normal) COMPARANDO 4 modelos: (1) CNN customizada (FALHOU: 49.1% acc, AUC=0.45); (2) SDG/SGD (88.3% acc, AUC=0.64); (3) XGBoost ML (VENCEU: 94% acc, AUC=0.72); (4) ResNet-50 (88% acc, AUC=0.81). Segmentação: CNN + Canny Edge Detection com resize 64×64 (muito baixo). Preprocessing: grayscale, Gaussian filter, normalização. Validação: 80/20 train/test split. Dataset: Figshare 2001 imagens balanceado. GUI Tkinter para real-time. 15 epochs. PROBLEMA METODOLÓGICO: CNN catastrófica indica issue no treinamento. XGBoost (ML tradicional) superou deep learning."
TR008,Advanced hybrid deep learning model for enhanced evaluation of osteosarcoma histopathology images,Borji et al.,2025,"Classificação 4-classes (NT, NVT, VT, NVR) - Histopatologia",Histopatologia (H&E stained images),1144 imagens,"536 NT, 263 NVT, 292 VT, 53 NVR. TCIA Osteosarcoma dataset. Split: 60% train, 15% val, 25% test.",Hybrid CNN+ViT+MLP,"CNN customizada (1024 features) + ViT (150,528 features) + MLP classifier. Feature concatenation (151,552).","ImageNet (ResNet-50, ViT)",Resize 128x128 + Normalização + Class weighting,"Rotation ±15°, HFlip, VFlip, Brightness/Contrast adjustments (minority classes)","Adam (β1=0.9, β2=0.999, LR=1e-4)",Cross-Entropy + Class weighting,60/15/25 train/val/test + Early stopping,N/A,N/A,N/A,N/A,N/A,N/A,4-class: 99.08% | 3-class: 99.56% | 2-class: 93.67%,4-class: 99.10% | 3-class: 99.58% | 2-class: 94.01%,N/A,N/A,4-class: 99.28% | 3-class: 99.90% | 2-class: 93.67%,4-class: 99.23% | 3-class: 99.26% | 2-class: 92.83%,"TRABALHO EXCEPCIONAL Frontiers Medicine 2025. HÍBRIDO CNN+ViT INOVADOR. PRIMEIRO 4-class classification (NT, NVT, VT, NVR) no TCIA dataset. CNN extrai features locais (1024), ViT extrai globais (150,528), concatenação MLP (151,552). Performance SOTA: 99.08% (4-class), 99.56% (3-class). DIFERENÇA CRÍTICA: HISTOPATOLOGIA (microscopia H&E) vs Raio-X. Tarefa: avaliar necrose tumoral pós-quimio, não diagnóstico B vs M. Statistical analysis completa (CI 95%, paired t-tests, ANOVA). Confusion matrices. Class imbalance tratado (weighting). ResNet-50, ViT, CNN standalone comparados.",MODALIDADE DIFERENTE (histopatologia vs Raio-X). Tarefa DIFERENTE (necrose tumoral vs diagnóstico B vs M). Dataset DESBALANCEADO severo (NVR apenas 53 imgs). Resize pequeno (128x128 vs 224+ comum). Sem transfer learning médico (ImageNet padrão). Batch pequeno (32). Sem CLAHE. Computational cost alto (151k features). Não compara com YOLO/detectors modernos.,"EXCELENTE qualidade metodológica. HÍBRIDO CNN+ViT INOVADOR (feature concatenation). Performance EXCEPCIONAL (99%+). PRIMEIRO 4-class no TCIA. Statistical rigor (CI, t-tests, ANOVA). Confusion matrices detalhadas. Error analysis completo. Class weighting. Data augmentation. Early stopping. Multiple baselines (CNN, ViT, ResNet-50). Journal ALTA QUALIDADE (Frontiers Medicine). Reproducible (dataset público). Grad-CAM interpretability mencionado.","INCOMPARÁVEL diretamente: MODALIDADES DIFERENTES (histopatologia microscópica vs Raio-X macroscópico). TAREFAS DIFERENTES: eles avaliam NECROSE TUMORAL pós-quimioterapia (NT, NVT, VT, NVR), eu classifico DIAGNÓSTICO inicial (Benign vs Malignant). ESCALAS DIFERENTES: eles trabalham nível CELULAR/TECIDUAL, eu trabalho nível ÓSSEO/ESTRUTURAL. CONTEXTO CLÍNICO DIFERENTE: eles avaliam RESPOSTA ao tratamento, eu faço DIAGNÓSTICO pré-tratamento. ARQUITETURA: ambos usam HÍBRIDOS (eles CNN+ViT, eu testei múltiplas), MAS aplicações completamente diferentes. COMPLEMENTARES: trabalho deles seria POSTERIOR ao meu na linha temporal clínica (diagnóstico → tratamento → avaliação resposta). Ambos datasets TCIA/públicos mas modalidades distintas. NÃO HÁ OVERLAP de problema clínico.",,"Classificação HÍBRIDA CNN+ViT+MLP para 4-classes (NT, NVT, VT, NVR - necrose tumoral em HISTOPATOLOGIA): (1) CNN customizada extrai features locais (1024); (2) ViT extrai features globais (150,528); (3) Concatenação de features (151,552 total); (4) MLP classifier. Preprocessing: resize 128×128, normalização, class weighting. Augmentation: rotation ±15°, HFlip, VFlip, brightness/contrast (minority classes). Transfer learning: ImageNet (ResNet-50, ViT). Optimizer: Adam (β1=0.9, β2=0.999, LR=1e-4). Loss: Cross-Entropy + class weighting. Validação: 60/15/25 train/val/test + early stopping. Resultado: 99.08% (4-class), 99.56% (3-class). MODALIDADE DIFERENTE: histopatologia H&E, NÃO Raio-X."
TR009,Development and evaluation of deep learning models for detecting and classifying various bone tumours in full-field limb radiographs,Yamana et al.,2025,Detecção + Classificação Binária (Benign vs Malignant),Raio-X,642 casos (1129 radiografias),"378 Benign, 264 Malignant (inclui intermediate). 40 diagnósticos. Multi-institucional (3 hospitais japoneses: Kyushu University, Kyushu Rosai, Kyushu Cancer Center). Full-field limb radiographs.",Transformer (DINO) vs CNN (YOLO-v8x),DINO (Transformer-based) e YOLO-v8x (CNN-based) para object detection end-to-end,Não especificado (modelos treinados from scratch no dataset),Resize 512x512 + Flipping (left→right exceto hip),Rotation + Cropping (data augmentation),Não especificado (padrão dos frameworks),Não especificado (object detection loss padrão),"5-fold cross-validation (80% train, 20% val, test=initial visit only)",85.7% (95% CI 81.5-89.8) DINO | 80.1% (95% CI 77.2-82.9) YOLO,DINO: 70.5% | YOLO: N/A,N/A,N/A,DINO: 84.3% (malignant) | YOLO: N/A,DINO: 76.8% | YOLO: N/A,77.0% accuracy (DINO classificação),DINO: 70.5%,N/A,N/A,DINO: 84.3% (sensitivity for malignant),DINO: 76.8%,"EXCELENTE Bone Joint Res 2025. PRIMEIRO Transformer (DINO) vs CNN (YOLO) para bone tumors. Object detection END-TO-END em full-field radiographs (SEM cropping manual\!). DINO SUPERIOR: 85.7% vs 80.1% detection (p=0.014). Classificação: DINO superou TODOS cirurgiões gerais, comparable a oncologistas. 5-fold CV. Multi-institucional (3 centros). 40 tipos tumores. IoU threshold 0.1. Comparação com 3 oncologistas + 3 cirurgiões gerais. Statistical rigor (McNemar, Mann-Whitney, paired t-test). Transformer attention mechanism captura relações globais (whole bone shapes, predilection sites). DINO corretamente classificou 78.6% (22/28) casos difíceis que 2+ médicos erraram.","Dataset PEQUENO (642 casos). Resize BAIXO (512x512 - limitação GPU). Apenas LIMBS (sem vertebrae/pelvis/ribs). Não inclui non-tumor conditions (fraturas, degenerative). Não usa clinical data (age, sex, blood tests). Não especifica otimizador/loss/LR. Intermediate types incluídos em malignant (pode confundir). Benign detection inferior (tumores menores). Sem transfer learning. Sem métricas completas YOLO classification (só DINO).",Multi-institucional (3 centros). 40 tipos tumores (diversidade alta). Transformer vs CNN comparison (DINO>YOLO). END-TO-END automático (sem cropping). Full-field radiographs. Comparação com MÉDICOS (3 oncologistas + 3 cirurgiões). Statistical rigor completo. 5-fold CV. Journal ALTO IMPACTO (Bone Joint Res). Object detection state-of-the-art. DINO attention mechanism (global features). SUPERIOR a cirurgiões gerais. Data augmentation. IoU analysis. Error analysis detalhado.,"TAREFA DIFERENTE mas COMPLEMENTAR: eles fazem DETECÇÃO+Classificação B vs M, eu faço CLASSIFICAÇÃO B vs M (assumindo tumor já detectado por YOLO). VANTAGENS MINHAS: (1) Foco EXCLUSIVO em classificação B vs M (não preciso detectar); (2) Técnicas avançadas: CLAHE, WeightedSampler, offline aug 10x, Label Smoothing, DropPath; (3) Transfer learning médico (RadImageNet); (4) Arquiteturas SOTA classificadores (EfficientNetV2-L, Swin, MaxViT); (5) MELHOR performance B vs M: 93.95% acc vs 77% deles; (6) Dataset PÚBLICO (BTXRD). VANTAGENS DELES: (1) DETECÇÃO automática (end-to-end, eu uso YOLO separado); (2) Multi-institucional (3 centros vs 1 BTXRD); (3) 40 tipos tumores vs foco B vs M; (4) Comparação com médicos; (5) Transformer (DINO) inovador. INTEGRAÇÃO IDEAL: DINO detecção deles → Classificação B vs M minha (EfficientNetV2-L) = pipeline completo automático.",,"Detecção + Classificação end-to-end COMPARANDO Transformer vs CNN: (1) DINO (Transformer-based): 85.7% detection, 77.0% classification B vs M, 70.5% precision, 84.3% sensitivity malignant; (2) YOLO-v8x (CNN): 80.1% detection (métricas classification NÃO reportadas). DINO SUPERIOR (p=0.014). Pipeline: full-field limb radiographs → object detection → classificação Benign vs Malignant automática (SEM cropping manual). Preprocessing: resize 512×512, flipping left→right (exceto hip). Augmentation: rotation + cropping. Treinamento: from scratch (SEM transfer learning especificado). Validação: 5-fold CV (80% train, 20% val), test=initial visit only. IoU threshold: 0.1. Comparação com MÉDICOS (3 oncologistas + 3 cirurgiões). DINO attention mechanism captura relações globais (bone shapes, predilection sites)."
TR010,Automated Bone Cancer Detection Using Deep Learning on X-Ray Images,Dalai et al.,2024,Detecção + Classificação Binária (Healthy vs Cancerous),Raio-X,200,"100 Healthy, 100 Cancerous. Fonte NÃO especificada.",Hybrid,GSODL-CADBCC: Bilateral Filter → SqueezeNet+GSO → LSTM+ICS,Não especificado,Bilateral Filtering,Não especificado,Não especificado,Não especificado,Train/test split (NÃO detalhado),N/A,N/A,N/A,N/A,N/A,N/A,95.52% train / 94.79% test,95.30%,97.00% (Specificity),N/A,95.00%,95.00%,Surgical Innovation 2025. HÍBRIDO SqueezeNet+LSTM com dupla otimização GSO/ICS. Outperformed baselines fracos. 54s inference.,Dataset MUITO PEQUENO (200). Fonte NÃO especificada (IRREPRODUCÍVEL). Validação FRACA. SEM AUC. Sem data aug. Task SIMPLES.,Hybrid CNN+LSTM. Dupla otimização. Bilateral filtering. Fast inference.,"MEU TCC SUPERIOR: Tarefa MAIS DIFÍCIL (B vs M), Dataset PÚBLICO 3746 vs 200, Arquiteturas SOTA, Métricas completas AUC=0.975, Técnicas avançadas, RadImageNet, REPRODUZÍVEL.",,"Classificação HÍBRIDA SqueezeNet+LSTM com dupla otimização para binária (Healthy vs Cancerous): (1) Preprocessing: Bilateral Filtering (edge-preserving smoothing); (2) Feature extraction: SqueezeNet (Fire modules: squeeze 1×1 conv + expand 1×1/3×3 parallel) com hiperparâmetros otimizados por GSO (Golden Search Optimization); (3) Classification: LSTM (forget/input/output gates) com hiperparâmetros otimizados por ICS (Improved Cuckoo Search: adaptive ELR + adaptive egg numbers). Resultado: 95.52% train acc, 94.79% test acc, 95.30% precision, 95.00% recall/F1, 97.00% specificity. Inference: 54 seconds. SEM data augmentation. SEM transfer learning especificado. Validação: train/test split NÃO detalhado. Dataset: 200 imagens (100 Healthy, 100 Cancerous) fonte NÃO especificada."
TR011-REVIEW,Bone Cancer Detection techniques using Machine Learning (SURVEY),Kaur & Garg,2022,Survey/Review Paper - Taxonomia de Técnicas ML,"Multi-modal (X-ray, MRI, CT)",N/A (Review de 10+ trabalhos),"TABELA COMPARATIVA: 10 trabalhos sumarizados com técnicas: K-means, Region growing, Edge-based segmentation, GLCM features, SVM, Random Forest, KNN, CNN, Decision Tree, Genetic Algorithm, CAD Framework",Survey Paper,"Taxonomia: Decision Tree, SVM, Random Forest, GA, KNN",N/A (Review),"TÉCNICAS DISCUTIDAS: Median filter, Bilateral filter, GLCM, Edge detection, Region growing, K-means clustering",N/A (Review),N/A (Review),N/A (Review),N/A (Review),N/A (Review),N/A (Review),N/A (Review),N/A (Review),N/A (Review),N/A (Review),N/A (Review),N/A (Review),N/A (Review),N/A (Review),N/A (Review),N/A (Review),"ICCMSO 2022 Conference. SURVEY PAPER que revisa técnicas de ML para bone cancer detection. TABELA 1 (pág 3-4): Resume 10 trabalhos com técnicas específicas. SEÇÃO V: Taxonomia de algoritmos ML (Decision Tree, SVM, Random Forest, GA, KNN). SEÇÃO IV: Comparação de modalidades de imagem (X-ray: baixa densidade, não mostra soft tissue; CT: melhor para detalhes ósseos, limitação <5mm lesions; MRI: melhor para soft tissue, detecta skip metastases; Bone Scan: radioativo, detecta metástases). SEÇÃO VI: DESAFIOS identificados (1) Falta de plataforma comum para diferentes modalidades; (2) Não está claro qual CNN é melhor para bone cancer específico; (3) Necessidade de external validation, generalizability, dataset size adequado. SEÇÃO VII: OPORTUNIDADES (1) Desenvolver sistema que diferencia tipos de sarcoma (osteosarcoma, chondrosarcoma, Ewing, fibrosarcoma); (2) Predizer tamanho e estágio do tumor; (3) Classificação benign vs malignant automatizada.","REVIEW PAPER (não tem limitações metodológicas próprias, apenas revisa outros trabalhos). Não apresenta experimentos originais. Conference paper (ICCMSO 2022), não journal. Tabela comparativa com apenas 10 trabalhos (amostra pequena da literatura). Não inclui trabalhos mais recentes (2023-2025). Não compara deep learning moderno (Transformers, ViT, EfficientNet avançados).","ÚTIL como OVERVIEW de técnicas ML tradicionais. TABELA COMPARATIVA valiosa (resume 10 trabalhos com técnicas, datasets, modalidades). IDENTIFICA DESAFIOS DA ÁREA (falta de standardização, necessidade de plataforma comum, external validation crítica). TAXONOMIA CLARA de algoritmos ML (Decision Tree, SVM, RF, GA, KNN). COMPARAÇÃO DE MODALIDADES DE IMAGEM (X-ray vs CT vs MRI vs Bone Scan) com vantagens/desvantagens específicas. ÚTIL PARA CONTEXTUALIZAR trabalhos anteriores a 2022.","CONTEXTO: Review paper de 2022, ANTERIOR ao meu TCC (2024-2025). VALOR: Documenta estado-da-arte ML tradicional (SVM, RF, KNN) que meu TCC SUPERA com deep learning moderno. TABELA 1 mostra que trabalhos até 2022 usavam: (1) Segmentação: K-means, Region growing, Edge-based; (2) Features: GLCM manual extraction; (3) Classificadores: SVM, RF, KNN, CNNs genéricas. MEU TCC AVANÇA ALÉM: (1) Deep learning SOTA (EfficientNetV2-L, Swin, MaxViT vs CNNs genéricas/ML tradicional); (2) Transfer learning médico especializado (RadImageNet vs nenhum); (3) Técnicas avançadas (CLAHE, WeightedSampler, Label Smoothing, DropPath vs median filter básico); (4) Dataset público grande (BTXRD 3746 vs datasets pequenos 200-2000); (5) Métricas completas (AUC, F1, Precision, Recall vs apenas Accuracy). DESAFIOS IDENTIFICADOS NO REVIEW que MEU TCC ABORDA: (1) External validation ✅ (uso dataset público BTXRD); (2) Generalizability ✅ (múltiplas arquiteturas testadas); (3) Dataset size ✅ (3746 imgs vs 200-500 comum em 2022); (4) Standardização ✅ (metodologia clara, reproduzível, código potencialmente compartilhável).",,"SURVEY/REVIEW PAPER sem metodologia experimental própria. Revisa técnicas de ML para bone cancer detection (2022): (1) SEGMENTAÇÃO: K-means clustering, Region growing, Edge-based; (2) FEATURE EXTRACTION: GLCM (Gray Level Co-occurrence Matrix) manual, HOG; (3) CLASSIFICAÇÃO: SVM, Random Forest, KNN, Decision Tree, Genetic Algorithm, CNNs genéricas. TABELA COMPARATIVA (pág 3-4): resume 10 trabalhos experimentais com técnicas, datasets (X-ray, MRI, CT), performance. IDENTIFICA DESAFIOS: falta standardização CNNs para bone cancer, necessidade plataforma comum multi-modal, external validation/generalizability/dataset size críticos. COMPARA MODALIDADES: X-ray (baixa densidade, não mostra soft tissue) vs CT (detalhes ósseos, limitação <5mm) vs MRI (soft tissue, skip metastases) vs Bone Scan (radioativo, metástases). Contextualiza ML tradicional pré-2022."
